{  "success": true,  "data": {    "list|5-20": [{      "id|100-10000": 10000,      "name|1": ["@cname", "溯翎", "@cname","@cname","@cname"],      "type|1": ["出租", "求租", "室友", "大杂烩", ],      "label|1": ["独卫", "男室友", "女室友", "晒房", "反馈", "闲聊", "闲置", "交友", "独卫", ],      "title": "@csentence",      "source": "@csentence",      "icon": "https://unsplash.it/80/80/?random&id=",      "iconid|10-500": 500,      "date": "@datetime",      "hename|1": ["@cname", "溯翎", "@cname","@cname","@cname"],    }]  }}