{  "success": true,  "data": {    "list|1-10": [{      "id|100-10000": 10000,      "name": "@cname",      "type|1": ["出租", "求租", "室友", "大杂烩", ],      "label|1": ["独卫", "男室友", "女室友", "晒房", "反馈", "闲聊", "闲置", "交友", "独卫", ],      "labeltype|1": ["singwei", "manchum", "girlchum", "sumroom", "feedback", "gossip", "lieidle", "makefriends", "singwei", ],      "title": "@csentence(5)",      "source": "@csentence",      "icon": "https://unsplash.it/244/132/?random&id=",      "url|1-3": [{        "name|+1": [          "https://unsplash.it/244/132/?random&id=",          "https://unsplash.it/244/132/?random&type=",          "https://unsplash.it/244/132/?random&data="        ]      }],      "urlid|1-100": 100,      "date": "@datetime",      "see|100-10000": 10000,      "fabulous|100-10000": 10000,      "comment|100-10000": 10000,    }]  }}