<?xml version="1.0" encoding="UTF-8" ?>
<!DOCTYPE mapper PUBLIC "-//mybatis.org//DTD Mapper 3.0//EN" "http://mybatis.org/dtd/mybatis-3-mapper.dtd" >
<mapper namespace="org.xq.wesign.dao.CourseDao">

	<resultMap id="courseMap" type="course">
		<id column="courseId" property="courseId"></id>
		<result column="courseName" property="courseName"></result>
		<result column="scheduleId" property="scheduleId"></result>
		<result column="beginTime" property="beginTime"></result>
		<result column="term" property="term"></result>
		<result column="endTime" property="endTime"></result>
		<result column="weekNum" property="weekNum"></result>
		<result column="departmentId" property="departmentId"></result>
		<result column="departmentName" property="departmentName"></result>
		<result column="schoolId" property="schoolId"></result>
		<result column="schoolName" property="schoolName"></result>
		<result column="schoolCode" property="schoolCode"></result>
		<collection property="gradeList" ofType="grade">
			<id column="gradeId" property="gradeId"></id>
			<result column="gradeName" property="gradeName"></result>
			<result column="place" property="place"></result>
			<result column="seatCol" property="seatCol"></result>
			<result column="seatRow" property="seatRow"></result>
			<result column="longitude" property="longitude"></result>
			<result column="latitude" property="latitude"></result>
			<result column="teacherId" property="teacherId"></result>
		</collection>
	</resultMap>

	<insert id="insertCourse" parameterType="course">
		insert into course(courseId,courseName,scheduleId,departmentId,schoolId) values(#{courseId},#{courseName},#{scheduleId},#{departmentId},#{schoolId})
	</insert>

	<select id="getCourseById" parameterType="string" resultMap="courseMap">
		select
			sc.schoolId,
			sc.schoolName,
			sc.schoolCode,
			d.departmentId,
			d.departmentName,
			s.scheduleId,
			s.beginTime,
			s.term,
			s.endTime,
			s.weekNum,
			c.courseId,
			c.courseName,
			g.gradeId,
			g.gradeName,
			g.place,
			g.seatCol,
			g.seatRow,
			g.longitude,
			g.latitude,
			g.teacherId
		from
			course c
		left join
			school sc on c.schoolId=sc.schoolId
		left join
			department d on c.departmentId=d.departmentId
		left join
		    schedule s on c.scheduleId=s.scheduleId
		left join
			course_grade_lk lk on lk.courseId=c.courseId
		left join
			grade g on g.gradeId=lk.gradeId
		where c.courseId=#{id}
	</select>
	
	<update id="updateCourse" parameterType="course">
		update course
		<set>
			<if test="courseName!=null">
                courseName=#{courseName},
			</if>
			<if test="scheduleId!=null">
                scheduleId=#{scheduleId},
			</if>
            <if test="departmentId!=null">
                departmentId=#{departmentId},
            </if>
            <if test="schoolId!=null">
                schoolId=#{schoolId},
            </if>
		</set>
		where courseId=#{courseId}
	</update>

	<select id="getCoursePage" parameterType="requestPage" resultMap="courseMap">
		select
			sc.schoolId,
			sc.schoolName,
			sc.schoolCode,
			d.departmentId,
			d.departmentName,
			s.scheduleId,
			s.beginTime,
			s.term,
			s.endTime,
			s.weekNum,
			c.courseId,
			c.courseName,
			g.gradeId,
			g.gradeName,
			g.place,
			g.seatCol,
			g.seatRow,
			g.longitude,
			g.latitude,
			g.teacherId
		from
			course c
		left join
			school sc on c.schoolId=sc.schoolId
		left join
			department d on c.departmentId=d.departmentId
		left join
		    schedule s on c.scheduleId=s.scheduleId
		left join
			course_grade_lk lk on lk.courseId=c.courseId
		left join
			grade g on g.gradeId=lk.gradeId
		limit #{beginPage},#{pageSize}
	</select>

	<delete id="deleteCourse" parameterType="string">
		delete from course where courseId=#{id}
	</delete>

</mapper>