<?xml version="1.0" encoding="UTF-8" ?>
<!DOCTYPE mapper PUBLIC "-//mybatis.org//DTD Mapper 3.0//EN" "http://mybatis.org/dtd/mybatis-3-mapper.dtd" >
<mapper namespace="org.xq.wesign.dao.SchoolDepartmentLinkDao">

	<insert id="insertCourseGradeLink" parameterType="courseGradeLink">
		insert into course_grade_lk(courseGradeLinkId,gradeId,courseId)
		select #{courseGradeLinkId},#{gradeId},#{courseId} from dual
		where not exists (select * from course_grade_lk where gradeId=#{gradeId} and courseId=#{courseId})
	</insert>
	
	<update id="updateCourseGradeLink" parameterType="courseGradeLink">
		update course_grade_lk
		<set>
			<if test="gradeId!=null">
				gradeId=#{gradeId},
			</if>
			<if test="courseId!=null">
				courseId=#{courseId},
			</if>
		</set>
		where courseGradeLinkId=#{courseGradeLinkId}
	</update>

	<delete id="deleteCourseGradeLink" parameterType="string">
		delete from course_grade_lk where courseGradeLinkId=#{id}
	</delete>

	<delete id="deleteCourseGradeLinkByCourseId" parameterType="string">
		delete from course_grade_lk where courseId=#{id}
	</delete>

	<delete id="deleteCourseGradeLinkByGradeId" parameterType="string">
		delete from course_grade_lk where gradeId=#{id}
	</delete>

</mapper>