<?xml version="1.0" encoding="UTF-8" ?>
<!DOCTYPE mapper PUBLIC "-//mybatis.org//DTD Mapper 3.0//EN" "http://mybatis.org/dtd/mybatis-3-mapper.dtd" >
<mapper namespace="org.xq.wesign.dao.DepartmentDao">

	<insert id="insertDepartment" parameterType="department">
		insert into department(departmentId,departmentName) values(#{departmentId},#{departmentName})
	</insert>

	<select id="getDepartmentById" parameterType="string" resultType="department">
		select * from department where departmentId=#{id}
	</select>
	
	<update id="updateDepartment" parameterType="department">
		update department
		<set>
			<if test="departmentName!=null">
				departmentName=#{departmentName},
			</if>
		</set>
		where departmentId=#{departmentId}
	</update>

	<select id="getDepartmentPage" parameterType="requestPage" resultType="department">
		select * from department limit #{beginPage},#{pageSize}
	</select>

	<delete id="deleteDepartment" parameterType="string">
		delete from department where departmentId=#{id}
	</delete>

</mapper>