<?xml version="1.0" encoding="UTF-8" ?>
<!DOCTYPE mapper PUBLIC "-//mybatis.org//DTD Mapper 3.0//EN" "http://mybatis.org/dtd/mybatis-3-mapper.dtd" >
<mapper namespace="org.xq.wesign.dao.DictDao">

	<insert id="insertDict" parameterType="dict">
		insert into dict(dictId,key,value,defaultValue,dictName) values(#{dictId},#{key},#{value},#{defaultValue},#{dictName})
	</insert>

	<select id="getDictById" parameterType="string" resultType="dict">
		select * from dict where dictId=#{id}
	</select>
	
	<update id="updateDict" parameterType="dict">
		update dict
		<set>
			<if test="key!=null">
                key=#{key},
			</if>
			<if test="value!=null">
                value=#{value},
			</if>
			<if test="defaultValue!=null">
                defaultValue=#{defaultValue},
			</if>
			<if test="dictName!=null">
                dictName=#{dictName},
			</if>
		</set>
		where dictId=#{dictId}
	</update>

	<select id="getDictPage" parameterType="requestPage" resultType="dict">
		select * from dict limit #{beginPage},#{pageSize}
	</select>

	<delete id="deleteDict" parameterType="string">
		delete from dict where dictId=#{id}
	</delete>

</mapper>