<?xml version="1.0" encoding="UTF-8" ?>
<!DOCTYPE mapper PUBLIC "-//mybatis.org//DTD Mapper 3.0//EN" "http://mybatis.org/dtd/mybatis-3-mapper.dtd" >
<mapper namespace="org.xq.wesign.dao.GradeDao">

	<resultMap id="gradeMap" type="grade">
		<id column="gradeId" property="gradeId"></id>
		<result column="gradeName" property="gradeName"></result>
		<result column="place" property="place"></result>
		<result column="seatCol" property="seatCol"></result>
		<result column="seatRow" property="seatRow"></result>
		<result column="longitude" property="longitude"></result>
		<result column="latitude" property="latitude"></result>
		<result column="teacherId" property="userInfoId"></result>
		<result column="closeName" property="closeName"></result>
		<result column="realName" property="realName"></result>
		<result column="userNum" property="userNum"></result>
		<result column="telephone" property="telephone"></result>
		<result column="schoolId" property="schoolId"></result>
		<result column="email" property="email"></result>
		<collection property="courseList" ofType="course">
			<id column="courseId" property="courseId"></id>
			<result column="courseName" property="courseName"></result>
		</collection>
	</resultMap>

	<insert id="insertGrade" parameterType="grade">
		insert into grade(gradeId,gradeName,place,seatCol,seatRow,longitude,latitude,teacherId) values(#{gradeId},#{gradeName},#{place},#{seatCol},#{seatRow},#{longitude},#{latitude},#{teacherId})
	</insert>

	<select id="getGradeById" parameterType="string" resultMap="gradeMap">
		select
			g.gradeId,
			g.gradeName,
			g.place,
			g.seatCol,
			g.seatRow,
			g.longitude,
			g.latitude,
			g.teacherId,
			u.closeName,
			u.realName,
			u.userNum,
			u.telephone,
			u.schoolId,
			u.email,
			c.courseId,
			c.courseName,
			c.scheduleId,
			c.departmentId,
			c.schoolId
		from
			grade g
		left join
			user_info u on g.teacherId=u.userInfoId
		left join
			course_grade_lk lk on lk.gradeId=g.gradeId
		left join
			course c on c.courseId=lk.courseId
		where g.gradeId=#{id}
	</select>
	
	<update id="updateGrade" parameterType="grade">
		update grade
		<set>
			<if test="gradeName!=null">
				gradeName=#{gradeName},
			</if>
			<if test="place!=null">
				place=#{place},
			</if>
			<if test="seatCol!=null">
				seatCol=#{seatCol},
			</if>
			<if test="seatRow!=null">
				seatRow=#{seatRow},
			</if>
			<if test="longitude!=null">
				longitude=#{longitude},
			</if>
			<if test="latitude!=null">
				latitude=#{latitude},
			</if>
		</set>
		where gradeId=#{gradeId}
	</update>

	<select id="getGradePage" parameterType="requestPage" resultMap="gradeMap">
		select
			g.gradeId,
			g.gradeName,
			g.place,
			g.seatCol,
			g.seatRow,
			g.longitude,
			g.latitude,
			g.teacherId,
			u.closeName,
			u.realName,
			u.userNum,
			u.telephone,
			u.schoolId,
			u.email,
			c.courseId,
			c.courseName,
			c.scheduleId,
			c.departmentId,
			c.schoolId
		from
			grade g
		left join
			user_info u on g.teacherId=u.userInfoId
		left join
			course_grade_lk lk on lk.gradeId=g.gradeId
		left join
			course c on c.courseId=lk.courseId
		limit #{beginPage},#{pageSize}
	</select>

	<delete id="deleteGrade" parameterType="string">
		delete from grade where gradeId=#{id}
	</delete>

</mapper>