<?xml version="1.0" encoding="UTF-8" ?>
<!DOCTYPE mapper PUBLIC "-//mybatis.org//DTD Mapper 3.0//EN" "http://mybatis.org/dtd/mybatis-3-mapper.dtd" >
<mapper namespace="org.xq.wesign.dao.MenuDao">

	<insert id="insertMenu" parameterType="menu">
		insert into menu(menuId,menuName,parentId,url,role,weight) values(#{menuId},#{menuName},#{parentId},#{url},#{role},#{weight})
	</insert>

	<select id="getMenuById" parameterType="string" resultType="menu">
		select * from menu where menuId=#{id}
	</select>
	
	<update id="updateMenu" parameterType="menu">
		update menu
		<set>
			<if test="menuName!=null">
				menuName=#{menuName},
			</if>
			<if test="parentId!=null">
				parentId=#{parentId},
			</if>
			<if test="url!=null">
				url=#{url},
			</if>
			<if test="role!=null">
				role=#{role},
			</if>
			<if test="weight!=null">
				weight=#{weight},
			</if>
		</set>
		where menuId=#{menuId}
	</update>

	<delete id="deleteMenu" parameterType="string">
		delete from menu where menuId=#{id}
	</delete>

	<delete id="deleteMenuByParentId" parameterType="string">
		delete from menu where parentId=#{id}
	</delete>
</mapper>