<?xml version="1.0" encoding="UTF-8" ?>
<!DOCTYPE mapper PUBLIC "-//mybatis.org//DTD Mapper 3.0//EN" "http://mybatis.org/dtd/mybatis-3-mapper.dtd" >
<mapper namespace="org.xq.wesign.dao.ScheduleDao">

	<insert id="insertSchedule" parameterType="schedule">
		insert into schedule(scheduleId,beginTime,term,endTime,weekNum) values(#{scheduleId},#{beginTime},#{term},#{endTime},#{weekNum})
	</insert>

	<select id="getScheduleById" parameterType="string" resultType="schedule">
		select * from schedule where scheduleId=#{id}
	</select>
	
	<update id="updateSchedule" parameterType="schedule">
		update schedule
		<set>
			<if test="beginTime!=null">
				beginTime=#{beginTime},
			</if>
			<if test="parentId!=null">
				term=#{term},
			</if>
			<if test="endTime!=null">
				endTime=#{endTime},
			</if>
			<if test="role!=null">
				role=#{role},
			</if>
			<if test="weekNum!=null">
				weekNum=#{weekNum},
			</if>
		</set>
		where scheduleId=#{scheduleId}
	</update>

	<delete id="getSchedulePage" parameterType="string">
		delete from schedule where scheduleId=#{id}
	</delete>

	<delete id="deleteSchedule" parameterType="string">
		delete from schedule where scheduleId=#{id}
	</delete>
</mapper>