<?xml version="1.0" encoding="UTF-8" ?>
<!DOCTYPE mapper PUBLIC "-//mybatis.org//DTD Mapper 3.0//EN" "http://mybatis.org/dtd/mybatis-3-mapper.dtd" >
<mapper namespace="org.xq.wesign.dao.SchoolDao">

	<resultMap id="schoolMap" type="school">
		<id column="schoolId" property="schoolId"></id>
		<result column="schoolName" property="schoolName"></result>
		<result column="schoolCode" property="schoolCode"></result>
		<collection property="departmentList" ofType="department">
			<id column="departmentId" property="departmentId"></id>
			<result column="departmentName" property="departmentName"></result>
		</collection>
	</resultMap>

	<insert id="insertSchool" parameterType="school">
		insert into school(schoolId,schoolName,schoolCode) values(#{schoolId},#{schoolName},#{schoolCode})
	</insert>

	<select id="getSchoolById" parameterType="string" resultMap="schoolMap">
		select
			s.schoolId,
			s.schoolName,
			s.schoolCode,
			d.departmentId,
			d.departmentName
		from
			school s
		left join
			school_department_lk lk on s.schoolId=lk.schoolId
		left join
			department d on d.departmentId=lk.departmentId
		where s.schoolId=#{id}
	</select>
	
	<update id="updateSchool" parameterType="school">
		update school
		<set>
			<if test="schoolName!=null">
				schoolName=#{schoolName},
			</if>
			<if test="schoolCode!=null">
				schoolCode=#{schoolCode},
			</if>
		</set>
		where schoolId=#{schoolId}
	</update>

	<select id="getSchoolPage" parameterType="requestPage" resultMap="schoolMap">
		select
			s.schoolId,
			s.schoolName,
			s.schoolCode,
			d.departmentId,
			d.departmentName
		from
			school s
		left join
			school_department_lk lk on s.schoolId=lk.schoolId
		left join
			department d on d.departmentId=lk.departmentId
		limit #{beginPage},#{pageSize}
	</select>

	<delete id="deleteSchool" parameterType="string">
		delete from school where schoolId=#{id}
	</delete>

</mapper>