<?xml version="1.0" encoding="UTF-8" ?>
<!DOCTYPE mapper PUBLIC "-//mybatis.org//DTD Mapper 3.0//EN" "http://mybatis.org/dtd/mybatis-3-mapper.dtd" >
<mapper namespace="org.xq.wesign.dao.SchoolDepartmentLinkDao">

	<insert id="insertSchoolDepartmentLink" parameterType="schoolDepartmentLink">
		insert into school_department_lk(schoolDepartmentLinkId,schoolId,departmentId)
		select #{schoolDepartmentLinkId},#{schoolId},#{departmentId} from dual
		where not exists (select * from school_department_lk where schoolId=#{schoolId} and departmentId=#{departmentId})
	</insert>
	
	<update id="updateSchoolDepartmentLink" parameterType="schoolDepartmentLink">
		update school_department_lk
		<set>
			<if test="schoolId!=null">
				schoolId=#{schoolId},
			</if>
			<if test="departmentId!=null">
				departmentId=#{departmentId},
			</if>
		</set>
		where schoolDepartmentLinkId=#{schoolDepartmentLinkId}
	</update>

	<delete id="deleteSchoolDepartmentLink" parameterType="string">
		delete from school_department_lk where schoolDepartmentLinkId=#{id}
	</delete>

	<delete id="deleteSchoolDepartmentLinkBySchoolId" parameterType="string">
		delete from school_department_lk where schoolId=#{id}
	</delete>

	<delete id="deleteSchoolDepartmentLinkByDepartmentId" parameterType="string">
		delete from school_department_lk where departmentId=#{id}
	</delete>

</mapper>