<?xml version="1.0" encoding="UTF-8" ?>
<!DOCTYPE mapper PUBLIC "-//mybatis.org//DTD Mapper 3.0//EN" "http://mybatis.org/dtd/mybatis-3-mapper.dtd" >
<mapper namespace="org.xq.wesign.dao.SignDao">

	<insert id="insertSign" parameterType="sign">
		insert into sign(signId,userInfoId,courseId,signTime,msg) values(#{signId},#{userInfoId},#{courseId},#{signTime},#{msg})
	</insert>

	<select id="getSignById" parameterType="string" resultType="sign">
		select
			sign.signId,
			sign.userInfoId,
			sign.courseId,
			sign.signTime,
			sign.msg,
			ui.closeName,
			ui.realName,
			ui.userNum,
			ui.telephone,
			ui.schoolId,
			ui.gradeId,
			ui.email
		from
			sign sign
		left join
			school_department_lk lk on s.schoolId=lk.schoolId
		left join
			department d on d.departmentId=lk.departmentId
		where s.schoolId=#{id}
	</select>
	
	<update id="updateSign" parameterType="sign">
		update dict
		<set>
			<if test="userInfoId!=null">
				userInfoId=#{userInfoId},
			</if>
			<if test="courseId!=null">
				courseId=#{courseId},
			</if>
			<if test="signTime!=null">
				signTime=#{signTime},
			</if>
			<if test="msg!=null">
				msg=#{msg},
			</if>
		</set>
		where signId=#{signId}
	</update>

	<select id="getSignPage" parameterType="requestPage" resultType="dict">
		select * from dict limit #{beginPage},#{pageSize}
	</select>

	<delete id="deleteSign" parameterType="string">
		delete from sign where signId=#{id}
	</delete>

</mapper>