<?xml version="1.0" encoding="UTF-8" ?>
<!DOCTYPE mapper PUBLIC "-//mybatis.org//DTD Mapper 3.0//EN" "http://mybatis.org/dtd/mybatis-3-mapper.dtd" >
<mapper namespace="org.xq.wesign.dao.UserInfoDao">

	<insert id="insertUserInfo" parameterType="user">
		insert into user_info(userInfoId,closeName,realName,userNum,telephone,courseId,email) values(#{userInfoId},#{closeName},#{realName},#{userNum},#{telephone},#{courseId},#{email})
	</insert>

	<select id="getUserInfoById" parameterType="string" resultType="user">
		select
			ui.userInfoId,
			ui.closeName,
			ui.realName,
			ui.userNum,
			ui.courseId,
			ui.email
		from
			user_info ui
		where userInfoId=#{id}
	</select>
	
	<update id="updateUserInfo" parameterType="user">
		update user_info
		<set>
			<if test="closeName!=null">
				closeName=#{closeName},
			</if>
			<if test="realName!=null">
				realName=#{realName},
			</if>
			<if test="userNum!=null">
				userNum=#{userNum},
			</if>
			<if test="telephone!=null">
				telephone=#{telephone},
			</if>
			<if test="courseId!=null">
				courseId=#{courseId},
			</if>
			<if test="email!=null">
				email=#{email},
			</if>
		</set>
		where userInfoId=#{userInfoId}
	</update>

	<select id="getUserInfoPage" parameterType="requestPage" resultType="user">
		select
			ui.userInfoId,
			ui.closeName,
			ui.realName,
			ui.userNum,
			ui.courseId,
			ui.email,
		from
			user_info ui
		limit #{beginPage},#{pageSize}
	</select>

	<delete id="deleteUserInfo" parameterType="string">
		delete from user_info where userInfoId=#{id}
	</delete>
</mapper>