<?xml version="1.0" encoding="UTF-8" ?>
<!DOCTYPE mapper PUBLIC "-//mybatis.org//DTD Mapper 3.0//EN" "http://mybatis.org/dtd/mybatis-3-mapper.dtd" >
<mapper namespace="org.xq.wesign.dao.UserLoginDao">

	<insert id="insertUserLogin" parameterType="user">
		insert into user_login(userId,userName,password,userInfoId,role) values(#{userId},#{userName},#{password},#{userInfoId},#{role})
	</insert>

	<select id="getUserLoginById" parameterType="string" resultType="user">
		select
			ul.userId,
			ul.userName,
			ul.password,
			ui.userInfoId,
			ui.closeName,
			ui.realName,
			ui.userNum,
			ui.telephone,
			ui.courseId,
			ui.email
		from
			user_login ul
		left join
			user_info ui on ui.userInfoId=ul.userInfoId
		where userId=#{id}
	</select>
	
	<update id="updateUserLogin" parameterType="user">
		update user_login
		<set>
			<if test="userName!=null">
				userName=#{userName},
			</if>
			<if test="password!=null">
				password=#{password},
			</if>
			<if test="userInfoId!=null">
				userInfoId=#{userInfoId},
			</if>
			<if test="role!=null">
				role=#{role},
			</if>
		</set>
		where userId=#{userId}
	</update>
	
	<select id="getUserPage" parameterType="requestPage" resultType="user">
		select
			ul.userId,
			ul.userName,
			ul.password,
			ui.userInfoId,
			ui.closeName,
			ui.realName,
			ui.userNum,
			ui.telephone,
			ui.courseId,
			ui.email
		from
			user_login ul
		left join
			user_info ui on ui.userInfoId=ul.userInfoId
		limit #{beginPage},#{pageSize}
	</select>

	<delete id="deleteUserLogin" parameterType="string">
		delete from user_login where userId=#{id}
	</delete>
	
	<select id="checkUserLogin" resultType="user">
		select 
			ul.userId,
			ul.userName,
			ul.password,
			ui.userInfoId,
			ui.closeName,
			ui.realName,
			ui.userNum,
			ui.telephone,
			ui.courseId,
			ui.email
		from
			user_login ul
		left join
			user_info ui on ui.userInfoId=ul.userInfoId
		where ul.userName=#{userName} and ul.password=#{password}
	</select>
	
	<select id="checkSameUsername" parameterType="string" resultType="user">
		select * from user_login where userName=#{userName}
	</select>
</mapper>