{  "success": true,  "data": {    "list|10-50": [{      "id|100-10000": 10000,      "name": "@cname",      "type|1": ["出租", "求租", "室友", "大杂烩", ],      "label": "独卫",      "labeltype|1": ["singwei", "manchum", "girlchum", "sumroom", "feedback", "gossip", "lieidle", "makefriends", "singwei", ],      "title": "@csentence(5)",      "source": "@csentence",      "url": "https://unsplash.it/414/359/?random&id=",      "urlid|1-100": 100,      "date": "@datetime",      "featured|+1": [true, false, false, ]    }]  }}