{
  "success": true,
  "data": {
    "list|5-20": [{
      "id|100-10000": 10000,
      "name": "@cname",
      "type|1": ["出租", "求租", "室友", "大杂烩", ],
      "label|1": ["独卫", "男室友", "女室友", "晒房", "反馈", "闲聊", "闲置", "交友", "独卫", ],
      "labeltype|1": ["singwei", "manchum", "girlchum", "sumroom", "feedback", "gossip", "lieidle", "makefriends", "singwei", ],
      "title": "@csentence(5)",
      "source": "@csentence",
      "icon": "http://placeimg.com/244/132/people?id=",
      "url|1-3": [{
        "name|+1": ["http://placeimg.com/244/132/any?id=", "http://placeimg.com/244/132/arch?id=", "http://placeimg.com/244/132/tech?id="]
      }],
      "urlid|1-100": 100,
      "date": "@datetime",
      "see|100-10000": 10000,
      "fabulous|100-10000": 10000,
      "comment|100-10000": 10000,
    }]
  }
}