{  "success": true,  "data": {    "list": [{      "id": "001",      "number|100-10000": 10000,      "name": "独卫",      "introduce": "独卫",      "color": "@color",      "type": "singwei",      "icon": "accessibility",    }, {      "id": "002",      "number|100-10000": 10000,      "name": "男室友",      "introduce": "寻找男室友",      "color": "@color",      "type": "manchum",      "icon": "sentiment_satisfied",    }, {      "id": "003",      "number|100-10000": 10000,      "name": "女室友",      "introduce": "寻找女室友",      "color": "@color",      "type": "girlchum",      "icon": "face",    }, {      "id": "004",      "number|100-10000": 10000,      "name": "晒房",      "introduce": "晒出自己的房子",      "color": "@color",      "type": "sumroom",      "icon": "account_balance",    }, {      "id": "005",      "number|100-10000": 10000,      "name": "反馈",      "introduce": "反馈你的意见",      "color": "@color",      "type": "feedback",      "icon": "library_books",    }, {      "id": "006",      "number|100-10000": 10000,      "name": "闲聊",      "introduce": "闲聊区",      "color": "@color",      "type": "gossip",      "icon": "public",    }, {      "id": "007",      "number|100-10000": 10000,      "name": "闲置",      "introduce": "闲置物品交易区",      "color": "@color",      "type": "lieidle",      "icon": "remove_shopping_cart",    }, {      "id": "008",      "number|100-10000": 10000,      "name": "交友",      "introduce": "交朋友",      "color": "@color",      "type": "makefriends",      "icon": "supervisor_account",    }, {      "id": "009",      "number|100-10000": 10000,      "name": "独卫",      "introduce": "独卫",      "color": "@color",      "type": "singwei",      "icon": "accessibility",    }, ]  }}