{  "success": true,  "data": {    "list|5-20": [{      "id|100-10000": 10000,      "name": "@cname",      "type|1": ["综合", "求租", "出租", "室友", ],      "label": "独卫",      "labeltype": "singwei",      "title": "@csentence(5)",      "source": "@csentence",      "icon": "https://unsplash.it/244/132/?random&id=",      "url|1-3": [{        "name|+1": [          "https://unsplash.it/244/132/?random&id=",          "https://unsplash.it/244/132/?random&type=",          "https://unsplash.it/244/132/?random&data="        ]      }],      "urlid|1-100": 100,      "date": "@datetime",      "see|100-10000": 10000,      "fabulous|100-10000": 10000,      "comment|100-10000": 10000,    }]  }}